wine_id,wine_type,quality
1,red,5
2,red,7
3,red,4
4,red,5
5,red,5
6,red,6
7,red,4
8,red,5
9,red,6
10,red,6
11,red,5
12,red,6
13,red,5
14,red,5
15,red,7
16,red,4
17,red,7
18,red,5
19,red,4
20,red,5
21,red,5
22,red,7
23,red,5
24,red,6
25,red,4
26,red,6
27,red,5
28,red,5
29,red,5
30,red,6
31,red,6
32,red,5
33,red,5
34,red,6
35,red,5
36,red,6
37,red,5
38,red,5
39,red,5
40,red,6
41,red,5
42,red,5
43,red,6
44,red,7
45,red,6
46,red,6
47,red,6
48,red,7
49,red,6
50,red,6
51,red,5
52,red,4
53,red,7
54,red,5
55,red,6
56,red,6
57,red,5
58,red,5
59,red,5
60,red,6
61,red,6
62,red,6
63,red,5
64,red,6
65,red,5
66,red,5
67,red,6
68,red,5
69,red,6
70,red,7
71,red,5
72,red,5
73,red,5
74,red,6
75,red,5
76,red,5
77,red,6
78,red,6
79,red,7
80,red,5
81,red,5
82,red,5
83,red,7
84,red,6
85,red,5
86,red,7
87,red,5
88,red,6
89,red,6
90,red,6
91,red,6
92,red,5
93,red,6
94,red,5
95,red,6
96,red,7
97,red,5
98,red,5
99,red,6
100,red,5
101,red,6
102,red,5
103,red,5
104,red,6
105,red,6
106,red,5
107,red,6
108,red,6
109,red,6
110,red,7
111,red,6
112,red,6
113,red,5
114,red,6
115,red,6
116,red,6
117,red,5
118,red,5
119,red,4
120,red,5
121,red,6
122,red,5
123,red,6
124,red,6
125,red,4
126,red,5
127,red,5
128,red,5
129,red,7
130,red,6
131,red,6
132,red,5
133,red,6
134,red,5
135,red,5
136,red,5
137,red,6
138,red,6
139,red,5
140,red,6
141,red,6
142,red,6
143,red,7
144,red,5
145,red,5
146,red,5
147,red,7
148,red,5
149,red,5
150,red,5
151,red,8
152,red,6
153,red,7
154,red,5
155,red,6
156,red,5
157,red,6
158,red,6
159,red,5
160,red,6
161,red,5
162,red,5
163,red,5
164,red,4
165,red,5
166,red,5
167,red,5
168,red,5
169,red,5
170,red,6
171,red,6
172,red,7
173,red,7
174,red,5
175,red,6
176,red,5
177,red,8
178,red,5
179,red,5
180,red,7
181,red,5
182,red,6
183,red,7
184,red,5
185,red,6
186,red,6
187,red,7
188,red,5
189,red,6
190,red,7
191,red,7
192,red,7
193,red,6
194,red,5
195,red,5
196,red,5
197,red,5
198,red,5
199,red,5
200,red,6
201,red,6
202,red,6
203,red,7
204,red,4
205,red,6
206,red,7
207,red,6
208,red,6
209,red,5
210,red,6
211,red,7
212,red,6
213,red,6
214,red,5
215,red,5
216,red,5
217,red,4
218,red,5
219,red,6
220,red,5
221,red,5
222,red,5
223,red,5
224,red,5
225,red,4
226,red,7
227,red,4
228,red,7
229,red,8
230,red,5
231,red,5
232,red,6
233,red,5
234,red,5
235,red,6
236,red,6
237,red,6
238,red,7
239,red,5
240,red,5
241,red,6
242,red,5
243,red,5
244,red,5
245,red,5
246,red,5
247,red,5
248,red,6
249,red,5
250,red,6
251,red,5
252,red,6
253,red,6
254,red,6
255,red,5
256,red,5
257,red,6
258,red,5
259,red,6
260,red,5
261,red,6
262,red,6
263,red,5
264,red,5
265,red,6
266,red,6
267,red,5
268,red,6
269,red,5
270,red,5
271,red,6
272,red,5
273,red,5
274,red,5
275,red,8
276,red,6
277,red,5
278,red,5
279,red,5
280,red,6
281,red,5
282,red,6
283,red,4
284,red,5
285,red,7
286,red,5
287,red,7
288,red,5
289,red,7
290,red,5
291,red,6
292,red,6
293,red,5
294,red,6
295,red,7
296,red,5
297,red,6
298,red,5
299,red,6
300,red,5
302,red,4
303,red,5
304,red,5
305,red,5
306,red,5
307,red,7
308,red,6
309,red,6
310,red,5
311,red,5
312,red,6
313,red,6
314,red,7
315,red,5
316,red,5
317,red,5
318,red,5
319,red,7
320,red,5
321,red,6
322,red,5
323,red,6
324,red,6
325,red,7
326,red,6
327,red,6
328,red,6
329,red,6
330,red,6
331,red,6
332,red,5
333,red,5
334,red,5
335,red,6
336,red,5
337,red,6
338,red,5
339,red,7
340,red,7
341,red,6
342,red,8
343,red,5
344,red,6
345,red,5
346,red,7
347,red,5
348,red,6
349,red,6
350,red,6
351,red,6
352,red,6
353,red,5
354,red,6
355,red,5
356,red,6
357,red,6
358,red,6
359,red,6
360,red,3
361,red,6
362,red,5
363,red,5
364,red,6
365,red,5
366,red,5
367,red,6
368,red,7
369,red,5
370,red,6
371,red,6
372,red,6
373,red,5
374,red,5
375,red,5
376,red,5
377,red,6
378,red,7
379,red,6
380,red,5
381,red,6
382,red,5
383,red,6
384,red,6
385,red,5
386,red,5
387,red,7
388,red,5
389,red,6
390,red,8
391,red,5
392,red,6
393,red,5
394,red,6
395,red,5
396,red,6
397,red,4
398,red,5
399,red,6
400,red,7
401,red,6
402,red,5
403,red,6
404,red,6
405,red,6
406,red,5
408,red,4
409,red,6
410,red,7
411,red,5
412,red,5
413,red,5
414,red,7
415,red,6
416,red,6
417,red,6
418,red,6
419,red,5
420,red,6
421,red,5
422,red,5
423,red,6
424,red,6
425,red,5
426,red,5
427,red,5
428,red,6
429,red,5
430,red,7
431,red,5
432,red,5
433,red,5
434,red,5
435,red,5
436,red,6
437,red,6
438,red,6
439,red,7
440,red,5
441,red,6
442,red,4
443,red,5
444,red,6
445,red,5
446,red,6
447,red,7
448,red,6
449,red,7
450,red,6
451,red,5
452,red,6
453,red,5
454,red,6
455,red,6
456,red,7
457,red,5
458,red,5
459,red,5
460,red,4
461,red,5
462,red,6
463,red,5
464,red,6
465,red,6
466,red,6
467,red,7
468,red,6
469,red,6
470,red,5
471,red,6
472,red,6
473,red,6
474,red,5
475,red,5
476,red,6
477,red,5
478,red,7
479,red,5
480,red,7
481,red,5
482,red,5
483,red,5
484,red,5
485,red,5
486,red,5
487,red,5
488,red,5
489,red,5
490,red,5
491,red,7
492,red,5
493,red,5
494,red,5
495,red,5
496,red,7
497,red,6
498,red,6
499,red,5
500,red,6
501,red,6
502,red,6
503,red,8
504,red,6
505,red,6
506,red,5
507,red,5
508,red,6
509,red,5
510,red,5
511,red,5
512,red,5
513,red,5
514,red,7
515,red,6
516,red,7
517,red,4
518,red,5
519,red,5
520,red,5
521,red,6
522,red,4
523,red,4
524,red,5
525,red,5
526,red,6
527,red,5
528,red,5
529,red,5
530,red,5
531,red,5
532,red,6
533,red,5
534,red,5
535,red,7
536,red,5
537,red,6
538,red,6
539,red,5
540,red,5
541,red,5
542,red,6
543,red,7
544,red,6
545,red,7
546,red,5
547,red,3
548,red,6
549,red,6
550,red,3
551,red,6
552,red,6
553,red,4
554,red,6
555,red,6
556,red,7
557,red,7
558,red,7
559,red,5
560,red,6
561,red,5
562,red,5
563,red,6
564,red,5
565,red,5
566,red,7
567,red,6
568,red,5
569,red,5
570,red,6
571,red,5
572,red,6
573,red,5
574,red,5
575,red,8
576,red,5
577,red,7
578,red,6
579,red,5
580,red,5
581,red,6
582,red,6
583,red,6
584,red,3
585,red,5
587,red,5
588,red,6
589,red,5
590,red,5
591,red,6
592,red,5
593,red,5
594,red,5
595,red,5
596,red,6
597,red,5
598,red,5
599,red,4
600,red,7
601,red,5
602,red,6
603,red,7
604,red,6
605,red,5
606,red,6
607,red,5
608,red,5
609,red,5
610,red,6
611,red,6
612,red,7
613,red,7
614,red,6
615,red,6
616,red,5
617,red,5
618,red,3
619,red,6
620,red,5
621,red,5
622,red,6
623,red,6
624,red,6
625,red,6
626,red,6
627,red,6
628,red,6
629,red,7
630,red,6
631,red,5
632,red,5
633,red,7
634,red,5
635,red,6
636,red,5
637,red,7
638,red,7
639,red,7
640,red,6
641,red,5
642,red,5
643,red,5
644,red,6
645,red,6
646,red,7
647,red,6
648,red,3
649,red,5
650,red,6
651,red,6
652,red,6
653,red,7
654,red,5
655,red,4
656,red,6
657,red,5
658,red,5
659,red,6
660,red,6
661,red,6
662,red,6
663,red,5
664,red,5
665,red,7
666,red,7
667,red,5
668,red,6
669,red,6
670,red,7
671,red,6
672,red,7
673,red,5
674,red,5
675,red,6
676,red,6
677,red,5
678,red,3
679,red,5
680,red,5
681,red,5
682,red,6
683,red,7
684,red,8
685,red,6
686,red,6
687,red,6
688,red,6
689,red,6
690,red,6
691,red,5
692,red,6
693,red,5
694,red,5
695,red,5
696,red,5
697,red,5
698,red,6
699,red,7
700,red,5
701,red,6
702,red,4
703,red,5
704,red,5
705,red,5
706,red,6
707,red,5
708,red,5
709,red,5
710,red,4
711,red,5
712,red,5
713,red,5
714,red,7
715,red,5
716,red,7
717,red,6
718,red,6
719,red,7
720,red,5
722,red,5
723,red,5
724,red,7
725,red,5
726,red,6
727,red,6
728,red,5
729,red,6
730,red,6
731,red,6
732,red,5
733,red,6
734,red,6
735,red,5
736,red,5
737,red,5
738,red,5
739,red,6
740,red,6
741,red,6
742,red,6
743,red,6
744,red,5
745,red,5
746,red,6
747,red,6
748,red,7
749,red,6
750,red,7
751,red,6
752,red,5
753,red,5
754,red,6
755,red,5
756,red,6
757,red,5
758,red,5
759,red,7
760,red,6
761,red,5
762,red,5
763,red,7
764,red,6
765,red,5
766,red,4
767,red,6
768,red,5
769,red,6
770,red,5
771,red,5
772,red,5
773,red,5
774,red,5
775,red,4
776,red,7
777,red,6
778,red,5
779,red,6
780,red,6
781,red,6
782,red,6
783,red,6
784,red,5
785,red,5
786,red,5
787,red,6
788,red,5
789,red,6
790,red,5
791,red,5
792,red,5
793,red,7
794,red,5
795,red,6
796,red,6
797,red,6
798,red,6
799,red,6
800,red,7
801,red,7
802,red,6
803,red,6
804,red,5
805,red,5
806,red,8
807,red,4
808,red,6
809,red,6
810,red,6
811,red,5
812,red,5
813,red,5
814,red,5
815,red,7
816,red,5
817,red,7
818,red,5
819,red,5
820,red,6
821,red,7
822,red,6
823,red,5
824,red,5
825,red,5
826,red,7
827,red,5
828,red,6
829,red,5
830,red,6
831,red,5
832,red,5
833,red,6
834,red,7
835,red,7
836,red,5
837,red,7
838,red,6
839,red,5
840,red,5
841,red,6
842,red,5
843,red,6
844,red,5
845,red,7
846,red,6
848,red,5
849,red,5
850,red,7
851,red,6
852,red,5
853,red,5
854,red,5
855,red,6
856,red,4
857,red,6
858,red,5
859,red,5
860,red,6
861,red,6
862,red,6
863,red,7
864,red,5
865,red,6
866,red,5
867,red,5
868,red,5
869,red,5
870,red,6
871,red,6
872,red,5
873,red,6
874,red,4
875,red,6
876,red,7
877,red,5
878,red,6
879,red,5
880,red,5
881,red,6
882,red,6
883,red,6
884,red,6
885,red,4
886,red,5
887,red,7
888,red,5
889,red,4
890,red,7
891,red,5
892,red,5
893,red,6
894,red,6
895,red,6
896,red,7
897,red,5
898,red,6
899,red,5
900,red,5
901,red,6
902,red,6
903,red,6
904,red,7
905,red,6
906,red,5
907,red,6
908,red,6
909,red,6
910,red,5
911,red,6
912,red,6
913,red,6
914,red,5
915,red,5
916,red,6
917,red,5
918,red,6
919,red,6
920,red,5
921,red,6
922,red,7
923,red,6
924,red,6
925,red,5
926,red,5
927,red,6
928,red,7
929,red,5
930,red,6
931,red,5
932,red,5
933,red,6
934,red,6
935,red,5
936,red,6
937,red,7
938,red,5
939,red,5
940,red,5
941,red,6
942,red,6
943,red,5
944,red,6
945,red,6
946,red,5
947,red,6
948,red,7
949,red,5
950,red,6
951,red,6
952,red,6
953,red,6
954,red,5
955,red,5
956,red,6
957,red,5
958,red,7
959,red,7
960,red,5
961,red,7
962,red,6
963,red,6
964,red,5
965,red,5
966,red,6
967,red,6
968,red,6
969,red,7
970,red,6
971,red,5
972,red,5
973,red,6
974,red,5
975,red,4
976,red,6
977,red,6
978,red,5
979,red,5
980,red,6
981,red,7
982,red,7
983,red,5
984,red,5
985,red,5
986,red,7
987,red,4
988,red,6
989,red,6
990,red,5
991,red,5
992,red,6
993,red,6
994,red,5
995,red,6
996,red,6
997,red,5
998,red,6
999,red,5
1000,red,6
1001,red,7
1002,red,5
1003,red,6
1005,red,5
1006,red,5
1007,red,6
1008,red,6
1009,red,4
1010,red,5
1011,red,5
1012,red,6
1013,red,6
1014,red,6
1015,red,7
1016,red,6
1017,red,5
1018,red,6
1019,red,7
1020,red,7
1021,red,4
1022,red,6
1023,red,6
1024,red,5
1025,red,6
1026,red,6
1027,red,5
1028,red,6
1029,red,7
1030,red,6
1031,red,6
1032,red,6
1033,red,6
1034,red,5
1035,red,7
1036,red,6
1037,red,6
1038,red,6
1039,red,5
1040,red,7
1041,red,5
1042,red,7
1043,red,6
1044,red,6
1045,red,6
1046,red,7
1047,red,6
1048,red,6
1049,red,5
1050,red,6
1051,red,5
1052,red,6
1053,red,5
1054,red,6
1055,red,6
1056,red,5
1057,red,6
1058,red,6
1059,red,6
1060,red,6
1061,red,6
1062,red,5
1063,red,6
1064,red,6
1065,red,5
1066,red,5
1067,red,5
1068,red,6
1069,red,5
1070,red,6
1071,red,5
1072,red,6
1073,red,4
1074,red,5
1075,red,5
1076,red,5
1077,red,5
1078,red,5
1079,red,5
1080,red,7
1081,red,6
1082,red,5
1083,red,6
1084,red,6
1085,red,6
1086,red,6
1087,red,6
1088,red,6
1089,red,7
1090,red,4
1091,red,5
1092,red,5
1093,red,6
1094,red,4
1095,red,6
1096,red,5
1097,red,6
1098,red,5
1099,red,7
1100,red,6
1101,red,5
1102,red,5
1103,red,7
1104,red,6
1105,red,6
1106,red,7
1107,red,6
1108,red,6
1109,red,6
1110,red,6
1111,red,5
1112,red,6
1113,red,6
1114,red,7
1115,red,6
1116,red,5
1117,red,5
1118,red,6
1119,red,6
1120,red,7
1121,red,5
1122,red,5
1123,red,5
1124,red,6
1125,red,6
1127,red,7
1128,red,6
1129,red,5
1130,red,3
1131,red,4
1132,red,5
1133,red,5
1134,red,5
1135,red,5
1136,red,5
1137,red,6
1138,red,5
1139,red,6
1140,red,5
1141,red,5
1142,red,6
1143,red,5
1144,red,6
1145,red,6
1146,red,6
1147,red,6
1148,red,6
1149,red,5
1150,red,6
1151,red,5
1152,red,7
1153,red,6
1154,red,5
1155,red,4
1156,red,4
1157,red,6
1158,red,5
1159,red,7
1160,red,6
1161,red,6
1162,red,5
1163,red,5
1164,red,7
1165,red,5
1166,red,5
1167,red,6
1168,red,5
1169,red,6
1170,red,6
1171,red,5
1172,red,6
1173,red,6
1174,red,6
1175,red,6
1176,red,6
1177,red,6
1178,red,5
1179,red,6
1180,red,5
1181,red,6
1182,red,6
1183,red,5
1184,red,6
1185,red,6
1186,red,5
1187,red,7
1188,red,6
1189,red,5
1190,red,6
1191,red,5
1192,red,8
1193,red,6
1194,red,6
1195,red,5
1196,red,5
1197,red,6
1198,red,6
1199,red,7
1200,red,7
1201,red,5
1202,red,5
1203,red,6
1204,red,6
1205,red,5
1206,red,6
1207,red,6
1208,red,6
1209,red,5
1210,red,5
1211,red,6
1212,red,5
1213,red,6
1214,red,5
1215,red,5
1216,red,6
1217,red,6
1218,red,5
1219,red,5
1220,red,5
1221,red,7
1222,red,5
1223,red,6
1224,red,5
1225,red,7
1226,red,5
1227,red,6
1229,red,5
1230,red,5
1231,red,5
1232,red,6
1233,red,5
1234,red,6
1235,red,5
1236,red,6
1237,red,6
1238,red,6
1239,red,5
1240,red,5
1241,red,5
1242,red,8
1243,red,8
1244,red,7
1245,red,5
1246,red,5
1247,red,5
1248,red,6
1249,red,5
1250,red,6
1251,red,5
1252,red,5
1253,red,7
1254,red,6
1255,red,5
1256,red,5
1257,red,6
1258,red,5
1259,red,5
1260,red,6
1261,red,5
1262,red,6
1263,red,5
1264,red,5
1265,red,7
1266,red,6
1267,red,6
1268,red,6
1269,red,6
1270,red,6
1271,red,6
1272,red,6
1273,red,6
1274,red,5
1275,red,6
1276,red,6
1277,red,5
1278,red,7
1279,red,6
1280,red,5
1281,red,6
1282,red,5
1283,red,7
1284,red,3
1285,red,6
1286,red,6
1287,red,5
1288,red,5
1289,red,5
1290,red,6
1291,red,7
1292,red,5
1293,red,5
1294,red,6
1295,red,6
1296,red,6
1297,red,7
1298,red,6
1299,red,7
1300,red,6
1301,red,5
1302,red,5
1303,red,5
1304,red,5
1305,red,8
1306,red,7
1307,red,6
1308,red,7
1309,red,7
1310,red,7
1311,red,5
1312,red,7
1313,red,6
1314,red,7
1315,red,5
1316,red,6
1317,red,4
1318,red,6
1319,red,5
1320,red,6
1321,red,5
1322,red,6
1323,red,6
1324,red,8
1325,red,5
1326,red,6
1327,red,5
1328,red,5
1329,red,6
1330,red,7
1331,red,5
1332,red,5
1333,red,5
1334,red,6
1335,red,6
1336,red,6
1337,red,5
1338,red,7
1339,red,6
1340,red,5
1341,red,7
1342,red,6
1343,red,5
1344,red,6
1345,red,6
1346,red,5
1347,red,7
1348,red,5
1349,red,5
1350,red,6
1351,red,7
1352,red,5
1353,red,6
1354,red,5
1355,red,7
1356,red,6
1357,red,6
1358,red,5
1359,red,5
1360,red,6
1361,red,6
1362,red,5
1363,red,5
1364,red,6
1365,red,6
1366,red,5
1367,red,7
1368,red,4
1369,red,5
1370,red,5
1371,red,6
1372,red,5
1373,red,6
1374,red,5
1375,red,7
1376,red,5
1377,red,6
1378,red,6
1379,red,5
1380,red,4
1381,red,6
1382,red,5
1383,red,5
1384,red,5
1385,red,7
1386,red,5
1387,red,4
1388,red,5
1389,red,6
1390,red,6
1391,red,6
1392,red,5
1393,red,4
1394,red,5
1395,red,5
1396,red,5
1397,red,7
1398,red,6
1399,red,6
1400,red,3
1401,red,6
1402,red,6
1403,red,7
1404,red,5
1405,red,6
1406,red,5
1407,red,6
1408,red,5
1409,red,6
1410,red,5
1411,red,7
1412,red,7
1413,red,6
1414,red,6
1415,red,7
1416,red,6
1417,red,5
1418,red,6
1419,red,6
1420,red,6
1421,red,6
1422,red,5
1423,red,6
1424,red,4
1425,red,5
1426,red,7
1427,red,5
1428,red,6
1429,red,5
1430,red,6
1431,red,5
1432,red,5
1433,red,5
1434,red,6
1435,red,5
1436,red,6
1437,red,6
1438,red,5
1439,red,5
1440,red,4
1441,red,6
1442,red,6
1443,red,5
1444,red,5
1445,red,7
1446,red,6
1447,red,6
1448,red,5
1449,red,6
1450,red,5
1451,red,5
1452,red,5
1453,red,6
1454,red,5
1455,red,5
1456,red,5
1457,red,5
1458,red,5
1459,red,5
1460,red,6
1461,red,5
1462,red,7
1463,red,5
1464,red,5
1465,red,7
1466,red,5
1467,red,6
1468,red,6
1469,red,6
1470,red,6
1471,red,6
1472,red,5
1473,red,5
1474,red,5
1475,red,5
1476,red,5
1477,red,6
1478,red,5
1479,red,6
1480,red,6
1481,red,6
1482,red,5
1483,red,5
1484,red,5
1485,red,7
1486,red,6
1487,red,6
1488,red,5
1489,red,6
1490,red,5
1492,red,5
1493,red,6
1494,red,6
1495,red,6
1496,red,5
1497,red,5
1498,red,5
1499,red,6
1500,red,6
1501,red,6
1502,red,5
1503,red,5
1504,red,5
1505,red,5
1506,red,6
1507,red,7
1508,red,8
1509,red,6
1510,white,6
1511,white,6
1512,white,6
1513,white,7
1514,white,5
1515,white,5
1516,white,5
1517,white,6
1518,white,6
1519,white,6
1520,white,7
1521,white,6
1522,white,6
1523,white,6
1524,white,5
1525,white,5
1526,white,5
1527,white,6
1528,white,5
1530,white,6
1531,white,6
1532,white,5
1533,white,6
1534,white,6
1535,white,7
1536,white,6
1537,white,5
1538,white,8
1539,white,7
1540,white,6
1541,white,5
1542,white,6
1543,white,6
1544,white,6
1545,white,7
1546,white,7
1547,white,6
1548,white,8
1549,white,6
1550,white,5
1551,white,7
1552,white,6
1553,white,7
1554,white,5
1555,white,3
1556,white,5
1557,white,6
1558,white,6
1559,white,5
1560,white,4
1561,white,6
1562,white,6
1563,white,5
1564,white,7
1565,white,5
1566,white,7
1567,white,6
1568,white,5
1569,white,6
1570,white,6
1571,white,5
1572,white,6
1573,white,5
1574,white,7
1575,white,6
1576,white,6
1577,white,6
1578,white,6
1579,white,5
1580,white,7
1581,white,6
1582,white,5
1583,white,6
1584,white,6
1585,white,6
1586,white,5
1587,white,5
1588,white,5
1589,white,4
1590,white,7
1591,white,7
1592,white,6
1593,white,7
1594,white,4
1595,white,5
1596,white,6
1597,white,6
1598,white,5
1599,white,5
1600,white,5
1601,white,4
1602,white,6
1603,white,6
1604,white,7
1605,white,6
1606,white,6
1607,white,7
1608,white,6
1609,white,7
1610,white,6
1611,white,5
1612,white,5
1613,white,6
1614,white,6
1615,white,6
1616,white,5
1617,white,4
1618,white,5
1619,white,5
1621,white,6
1622,white,6
1623,white,5
1624,white,6
1625,white,3
1626,white,5
1627,white,6
1628,white,5
1629,white,6
1630,white,5
1631,white,6
1632,white,5
1633,white,4
1634,white,7
1635,white,5
1636,white,6
1637,white,8
1638,white,5
1639,white,7
1640,white,5
1641,white,6
1642,white,5
1643,white,5
1644,white,5
1645,white,7
1646,white,7
1647,white,5
1648,white,6
1649,white,6
1650,white,6
1651,white,5
1652,white,6
1653,white,7
1654,white,6
1655,white,6
1656,white,6
1657,white,6
1658,white,6
1659,white,6
1660,white,6
1661,white,6
1662,white,7
1663,white,6
1664,white,6
1665,white,4
1666,white,6
1667,white,6
1668,white,7
1669,white,6
1670,white,6
1672,white,6
1673,white,6
1674,white,7
1675,white,3
1676,white,7
1677,white,6
1678,white,5
1679,white,5
1680,white,5
1681,white,5
1682,white,6
1683,white,6
1684,white,7
1685,white,5
1686,white,7
1687,white,6
1688,white,5
1689,white,8
1690,white,6
1691,white,7
1692,white,5
1693,white,6
1694,white,7
1695,white,6
1696,white,6
1697,white,6
1698,white,6
1699,white,7
1700,white,8
1701,white,6
1702,white,4
1703,white,5
1704,white,6
1705,white,7
1706,white,6
1707,white,6
1708,white,5
1709,white,6
1710,white,5
1711,white,6
1712,white,5
1713,white,6
1714,white,5
1715,white,6
1716,white,6
1717,white,6
1718,white,6
1719,white,5
1720,white,7
1721,white,5
1722,white,6
1723,white,6
1724,white,6
1725,white,6
1726,white,6
1727,white,6
1728,white,6
1729,white,6
1730,white,5
1731,white,6
1732,white,7
1733,white,5
1735,white,5
1736,white,6
1737,white,5
1739,white,7
1740,white,7
1741,white,6
1742,white,5
1743,white,6
1744,white,6
1745,white,8
1746,white,7
1747,white,5
1748,white,7
1749,white,6
1750,white,6
1751,white,7
1752,white,5
1753,white,6
1754,white,6
1755,white,6
1756,white,5
1757,white,5
1758,white,6
1759,white,5
1760,white,7
1761,white,5
1762,white,6
1763,white,6
1764,white,5
1765,white,5
1766,white,6
1767,white,5
1768,white,6
1769,white,8
1770,white,6
1771,white,7
1772,white,6
1773,white,8
1774,white,7
1775,white,5
1776,white,5
1777,white,6
1778,white,5
1779,white,7
1780,white,7
1781,white,5
1783,white,6
1784,white,6
1785,white,6
1786,white,7
1787,white,6
1788,white,5
1789,white,6
1790,white,6
1791,white,6
1792,white,5
1793,white,5
1794,white,7
1795,white,6
1796,white,6
1797,white,6
1798,white,6
1799,white,5
1800,white,6
1801,white,5
1802,white,6
1803,white,7
1804,white,6
1805,white,5
1806,white,6
1807,white,7
1808,white,5
1809,white,6
1810,white,5
1811,white,5
1812,white,8
1813,white,5
1814,white,7
1815,white,6
1816,white,6
1817,white,7
1818,white,5
1819,white,5
1820,white,5
1821,white,7
1822,white,6
1823,white,6
1824,white,5
1825,white,6
1826,white,6
1827,white,6
1828,white,6
1829,white,7
1830,white,5
1831,white,5
1832,white,6
1833,white,8
1834,white,5
1835,white,8
1836,white,9
1837,white,5
1838,white,6
1839,white,6
1840,white,6
1842,white,7
1843,white,6
1844,white,5
1845,white,5
1846,white,5
1847,white,6
1848,white,6
1849,white,6
1850,white,6
1851,white,5
1852,white,6
1853,white,7
1854,white,6
1855,white,6
1856,white,6
1857,white,6
1858,white,8
1859,white,5
1860,white,6
1861,white,5
1862,white,6
1863,white,7
1864,white,6
1865,white,5
1866,white,6
1867,white,5
1868,white,6
1869,white,6
1870,white,7
1871,white,5
1872,white,6
1873,white,8
1874,white,5
1875,white,4
1876,white,7
1877,white,6
1878,white,7
1879,white,6
1880,white,5
1881,white,6
1882,white,6
1883,white,7
1884,white,6
1885,white,6
1886,white,7
1887,white,6
1888,white,5
1889,white,6
1890,white,6
1891,white,6
1892,white,5
1893,white,6
1894,white,6
1895,white,6
1896,white,8
1897,white,7
1898,white,8
1899,white,6
1900,white,6
1901,white,6
1902,white,8
1903,white,7
1904,white,6
1905,white,6
1906,white,6
1907,white,5
1908,white,6
1909,white,7
1910,white,5
1911,white,7
1912,white,5
1913,white,6
1914,white,6
1915,white,6
1916,white,6
1917,white,5
1918,white,5
1919,white,5
1920,white,5
1921,white,6
1922,white,8
1923,white,6
1924,white,7
1925,white,5
1926,white,8
1927,white,7
1928,white,5
1929,white,7
1930,white,6
1931,white,5
1932,white,5
1933,white,6
1934,white,6
1935,white,6
1936,white,8
1937,white,6
1938,white,3
1939,white,7
1940,white,5
1941,white,7
1942,white,5
1943,white,6
1944,white,7
1945,white,6
1946,white,4
1947,white,6
1948,white,5
1949,white,7
1950,white,6
1951,white,5
1952,white,5
1953,white,6
1954,white,5
1955,white,6
1956,white,7
1957,white,6
1958,white,5
1959,white,7
1960,white,7
1961,white,6
1962,white,7
1963,white,6
1964,white,6
1965,white,6
1966,white,5
1967,white,6
1968,white,6
1969,white,7
1970,white,7
1971,white,4
1972,white,6
1973,white,6
1974,white,5
1975,white,5
1976,white,5
1977,white,4
1978,white,7
1979,white,4
1980,white,6
1981,white,5
1982,white,6
1983,white,6
1984,white,6
1985,white,6
1986,white,6
1987,white,5
1988,white,6
1989,white,5
1990,white,6
1991,white,7
1992,white,7
1993,white,6
1994,white,5
1995,white,6
1997,white,6
1998,white,6
1999,white,6
2000,white,6
2001,white,4
2002,white,7
2003,white,7
2004,white,5
2005,white,6
2006,white,5
2007,white,5
2008,white,6
2009,white,6
2010,white,7
2011,white,6
2012,white,6
2013,white,7
2014,white,6
2015,white,6
2016,white,6
2017,white,6
2018,white,7
2019,white,6
2020,white,7
2021,white,7
2022,white,6
2023,white,6
2024,white,5
2025,white,6
2026,white,7
2027,white,6
2028,white,6
2029,white,6
2030,white,6
2031,white,6
2032,white,6
2033,white,5
2034,white,6
2035,white,5
2036,white,5
2037,white,5
2038,white,5
2039,white,6
2040,white,7
2041,white,6
2042,white,7
2043,white,7
2044,white,5
2045,white,5
2046,white,6
2047,white,6
2048,white,6
2049,white,5
2050,white,5
2051,white,6
2052,white,6
2053,white,7
2054,white,6
2055,white,6
2056,white,5
2057,white,5
2058,white,6
2059,white,6
2060,white,7
2061,white,7
2062,white,6
2063,white,6
2064,white,5
2065,white,5
2066,white,8
2067,white,5
2068,white,6
2069,white,5
2070,white,7
2071,white,5
2072,white,6
2073,white,6
2074,white,6
2075,white,4
2076,white,6
2077,white,7
2078,white,5
2079,white,7
2080,white,6
2081,white,5
2082,white,6
2083,white,7
2084,white,7
2085,white,6
2086,white,6
2087,white,6
2088,white,6
2089,white,6
2090,white,7
2091,white,6
2092,white,6
2093,white,6
2094,white,6
2095,white,5
2096,white,5
2097,white,5
2098,white,7
2099,white,7
2100,white,7
2101,white,6
2102,white,6
2103,white,6
2104,white,7
2105,white,5
2106,white,5
2107,white,6
2108,white,6
2109,white,6
2110,white,6
2111,white,6
2112,white,8
2113,white,5
2114,white,6
2115,white,6
2116,white,4
2117,white,6
2118,white,5
2119,white,5
2120,white,6
2121,white,5
2122,white,6
2123,white,7
2124,white,6
2125,white,8
2126,white,7
2127,white,7
2128,white,6
2129,white,6
2130,white,6
2131,white,6
2132,white,8
2133,white,6
2134,white,6
2135,white,5
2136,white,6
2137,white,6
2138,white,6
2139,white,5
2140,white,6
2141,white,6
2142,white,6
2143,white,5
2144,white,6
2145,white,6
2146,white,7
2147,white,6
2148,white,5
2149,white,6
2150,white,5
2151,white,7
2152,white,6
2153,white,7
2154,white,5
2155,white,6
2156,white,6
2157,white,5
2158,white,5
2159,white,5
2160,white,7
2161,white,6
2162,white,6
2163,white,5
2164,white,5
2165,white,8
2166,white,8
2167,white,6
2168,white,6
2169,white,7
2170,white,7
2171,white,5
2172,white,5
2173,white,7
2174,white,8
2175,white,5
2176,white,7
2177,white,5
2178,white,6
2179,white,5
2180,white,5
2181,white,6
2182,white,6
2183,white,7
2184,white,7
2185,white,6
2186,white,6
2187,white,5
2188,white,6
2189,white,5
2190,white,7
2191,white,6
2192,white,6
2193,white,5
2194,white,6
2195,white,6
2196,white,5
2197,white,6
2198,white,8
2199,white,6
2200,white,5
2201,white,5
2202,white,6
2203,white,6
2204,white,6
2205,white,8
2206,white,6
2207,white,6
2208,white,7
2209,white,5
2210,white,5
2211,white,6
2212,white,7
2213,white,4
2214,white,6
2215,white,5
2216,white,6
2217,white,6
2218,white,7
2219,white,5
2220,white,5
2221,white,6
2222,white,5
2223,white,6
2224,white,4
2225,white,5
2226,white,7
2227,white,6
2228,white,6
2229,white,5
2230,white,6
2231,white,6
2232,white,6
2233,white,6
2234,white,6
2235,white,6
2236,white,6
2237,white,6
2238,white,7
2239,white,5
2240,white,4
2241,white,6
2242,white,7
2243,white,5
2244,white,5
2245,white,8
2246,white,3
2247,white,5
2248,white,6
2249,white,6
2250,white,5
2251,white,6
2252,white,6
2253,white,6
2254,white,7
2255,white,6
2256,white,6
2257,white,7
2258,white,8
2259,white,7
2260,white,5
2261,white,5
2262,white,4
2263,white,7
2264,white,7
2265,white,6
2266,white,7
2267,white,5
2268,white,8
2269,white,5
2270,white,6
2271,white,6
2272,white,6
2273,white,5
2274,white,6
2275,white,6
2276,white,6
2277,white,5
2278,white,5
2279,white,6
2280,white,7
2281,white,6
2282,white,6
2283,white,6
2284,white,7
2285,white,5
2286,white,7
2287,white,6
2288,white,5
2289,white,7
2290,white,7
2291,white,6
2292,white,6
2293,white,5
2294,white,6
2295,white,6
2296,white,7
2297,white,4
2298,white,6
2299,white,5
2300,white,5
2301,white,6
2302,white,5
2303,white,5
2304,white,6
2305,white,6
2306,white,7
2307,white,5
2308,white,7
2309,white,5
2310,white,6
2311,white,6
2312,white,6
2313,white,6
2314,white,6
2315,white,4
2316,white,6
2317,white,6
2318,white,6
2319,white,5
2320,white,6
2321,white,5
2322,white,6
2323,white,6
2324,white,7
2325,white,6
2326,white,7
2327,white,5
2328,white,5
2329,white,6
2330,white,6
2331,white,6
2332,white,6
2334,white,7
2335,white,6
2336,white,7
2337,white,7
2338,white,6
2339,white,5
2340,white,6
2341,white,6
2342,white,6
2343,white,6
2344,white,5
2345,white,7
2346,white,6
2347,white,6
2348,white,6
2349,white,5
2350,white,6
2351,white,7
2352,white,4
2353,white,6
2354,white,6
2355,white,6
2356,white,5
2357,white,8
2358,white,7
2359,white,7
2360,white,6
2361,white,6
2362,white,5
2363,white,6
2364,white,4
2365,white,7
2366,white,5
2367,white,6
2368,white,6
2369,white,5
2370,white,5
2371,white,6
2372,white,6
2373,white,6
2374,white,6
2375,white,6
2376,white,7
2377,white,7
2378,white,7
2379,white,7
2380,white,5
2381,white,7
2382,white,5
2383,white,5
2384,white,8
2385,white,5
2386,white,5
2387,white,5
2388,white,7
2389,white,5
2390,white,5
2391,white,6
2392,white,5
2393,white,5
2394,white,6
2395,white,5
2396,white,6
2397,white,6
2398,white,6
2399,white,6
2400,white,7
2401,white,6
2402,white,5
2403,white,7
2404,white,7
2405,white,6
2406,white,6
2407,white,5
2408,white,8
2409,white,6
2410,white,7
2411,white,7
2412,white,5
2413,white,5
2414,white,7
2415,white,6
2416,white,6
2417,white,6
2418,white,7
2419,white,7
2420,white,7
2421,white,5
2422,white,6
2423,white,7
2424,white,6
2425,white,6
2426,white,6
2427,white,7
2428,white,6
2429,white,5
2430,white,7
2431,white,6
2432,white,6
2433,white,6
2434,white,6
2435,white,5
2436,white,5
2437,white,6
2438,white,7
2439,white,6
2440,white,5
2441,white,6
2442,white,7
2443,white,6
2444,white,6
2445,white,7
2446,white,4
2447,white,6
2448,white,6
2449,white,6
2450,white,5
2451,white,6
2452,white,7
2453,white,6
2454,white,6
2455,white,7
2456,white,6
2457,white,6
2458,white,6
2459,white,5
2460,white,5
2461,white,7
2462,white,8
2463,white,6
2464,white,7
2465,white,7
2466,white,7
2467,white,7
2468,white,6
2469,white,6
2470,white,6
2471,white,6
2472,white,6
2473,white,6
2474,white,5
2475,white,5
2476,white,7
2477,white,5
2478,white,7
2479,white,8
2480,white,6
2481,white,6
2482,white,5
2483,white,5
2484,white,6
2485,white,5
2486,white,7
2487,white,8
2488,white,6
2489,white,5
2490,white,6
2491,white,7
2492,white,5
2493,white,5
2494,white,5
2495,white,6
2496,white,6
2497,white,5
2498,white,6
2499,white,6
2500,white,5
2501,white,7
2502,white,4
2503,white,4
2504,white,6
2505,white,6
2506,white,7
2507,white,6
2508,white,5
2509,white,7
2510,white,6
2511,white,6
2512,white,5
2513,white,5
2514,white,6
2515,white,5
2516,white,5
2517,white,6
2518,white,5
2519,white,5
2520,white,6
2521,white,6
2522,white,6
2523,white,5
2524,white,5
2525,white,5
2526,white,6
2527,white,4
2528,white,7
2529,white,6
2530,white,6
2531,white,5
2532,white,6
2533,white,5
2534,white,5
2535,white,5
2536,white,5
2537,white,5
2538,white,6
2539,white,6
2540,white,6
2541,white,5
2542,white,7
2543,white,6
2544,white,6
2545,white,7
2546,white,8
2547,white,6
2548,white,6
2549,white,6
2550,white,5
2551,white,5
2552,white,5
2553,white,7
2554,white,6
2555,white,5
2556,white,7
2557,white,6
2558,white,7
2559,white,6
2560,white,6
2561,white,7
2562,white,5
2563,white,6
2564,white,7
2565,white,5
2566,white,7
2567,white,8
2568,white,5
2569,white,6
2570,white,7
2571,white,6
2572,white,5
2573,white,7
2574,white,6
2575,white,5
2576,white,7
2577,white,5
2578,white,7
2579,white,5
2580,white,8
2581,white,5
2582,white,4
2583,white,7
2584,white,6
2585,white,5
2586,white,6
2587,white,4
2588,white,6
2589,white,7
2590,white,5
2591,white,7
2592,white,7
2593,white,6
2594,white,4
2595,white,6
2596,white,7
2597,white,7
2598,white,6
2599,white,5
2600,white,6
2601,white,7
2602,white,6
2603,white,6
2604,white,6
2605,white,7
2606,white,5
2607,white,7
2608,white,6
2609,white,6
2610,white,6
2611,white,5
2612,white,5
2613,white,6
2614,white,8
2615,white,5
2616,white,5
2617,white,6
2618,white,6
2619,white,7
2620,white,7
2621,white,5
2622,white,6
2623,white,5
2624,white,6
2625,white,6
2626,white,6
2627,white,6
2628,white,6
2629,white,5
2630,white,6
2631,white,8
2632,white,5
2633,white,3
2634,white,5
2635,white,6
2636,white,6
2637,white,5
2638,white,7
2639,white,6
2640,white,5
2641,white,6
2642,white,7
2644,white,6
2645,white,6
2646,white,5
2647,white,6
2648,white,5
2649,white,5
2650,white,7
2651,white,5
2652,white,5
2653,white,6
2654,white,7
2655,white,7
2656,white,6
2657,white,6
2658,white,6
2659,white,5
2660,white,6
2661,white,5
2662,white,7
2663,white,5
2664,white,5
2665,white,6
2666,white,6
2667,white,6
2668,white,7
2669,white,5
2670,white,7
2671,white,7
2672,white,4
2673,white,6
2674,white,5
2675,white,4
2676,white,6
2677,white,6
2678,white,6
2679,white,5
2680,white,5
2681,white,5
2682,white,5
2683,white,6
2684,white,6
2685,white,6
2686,white,6
2687,white,5
2688,white,5
2689,white,6
2690,white,5
2691,white,5
2692,white,5
2693,white,6
2694,white,5
2695,white,5
2696,white,8
2697,white,6
2698,white,6
2699,white,6
2700,white,6
2701,white,6
2702,white,5
2703,white,8
2704,white,5
2705,white,6
2706,white,6
2707,white,7
2708,white,7
2709,white,5
2710,white,5
2711,white,6
2712,white,5
2713,white,6
2714,white,6
2715,white,7
2716,white,6
2717,white,8
2718,white,5
2719,white,6
2720,white,3
2721,white,6
2722,white,6
2723,white,7
2724,white,5
2725,white,6
2726,white,6
2727,white,7
2728,white,5
2729,white,4
2730,white,6
2731,white,5
2732,white,5
2733,white,5
2734,white,7
2735,white,6
2736,white,6
2737,white,6
2738,white,6
2739,white,6
2740,white,6
2741,white,6
2742,white,6
2743,white,5
2744,white,7
2745,white,6
2746,white,6
2747,white,6
2748,white,5
2749,white,6
2750,white,5
2751,white,7
2752,white,6
2753,white,5
2754,white,6
2755,white,6
2756,white,4
2757,white,6
2758,white,6
2759,white,6
2760,white,6
2761,white,6
2762,white,6
2763,white,6
2764,white,7
2765,white,6
2766,white,6
2767,white,6
2768,white,6
2769,white,7
2770,white,4
2771,white,6
2772,white,5
2773,white,7
2774,white,5
2775,white,6
2776,white,5
2777,white,5
2778,white,6
2779,white,5
2780,white,6
2781,white,6
2782,white,5
2783,white,5
2784,white,6
2785,white,5
2786,white,6
2787,white,7
2788,white,5
2789,white,8
2790,white,6
2791,white,6
2792,white,6
2793,white,6
2794,white,6
2795,white,5
2796,white,5
2797,white,6
2798,white,6
2799,white,6
2800,white,6
2801,white,6
2802,white,6
2803,white,6
2804,white,6
2805,white,7
2806,white,6
2807,white,6
2808,white,7
2809,white,5
2810,white,4
2811,white,7
2812,white,6
2813,white,5
2814,white,6
2815,white,7
2816,white,4
2817,white,5
2818,white,7
2819,white,4
2820,white,6
2821,white,6
2822,white,6
2823,white,6
2824,white,5
2825,white,6
2826,white,6
2827,white,5
2828,white,5
2829,white,5
2830,white,7
2831,white,6
2832,white,6
2833,white,5
2834,white,4
2835,white,5
2836,white,7
2837,white,5
2838,white,6
2839,white,5
2840,white,5
2841,white,6
2842,white,5
2843,white,6
2844,white,5
2845,white,6
2846,white,6
2847,white,7
2848,white,7
2849,white,6
2850,white,4
2851,white,6
2852,white,6
2853,white,7
2854,white,7
2855,white,5
2856,white,4
2857,white,6
2858,white,6
2859,white,8
2860,white,6
2861,white,5
2862,white,5
2863,white,6
2864,white,6
2865,white,5
2866,white,7
2867,white,5
2868,white,8
2869,white,7
2870,white,5
2871,white,7
2872,white,4
2873,white,5
2874,white,5
2875,white,6
2876,white,5
2877,white,6
2878,white,6
2879,white,6
2880,white,5
2881,white,5
2882,white,7
2883,white,7
2884,white,6
2885,white,8
2886,white,5
2887,white,6
2888,white,6
2889,white,7
2890,white,7
2891,white,6
2892,white,7
2893,white,5
2894,white,4
2895,white,6
2896,white,6
2897,white,5
2898,white,7
2899,white,5
2900,white,5
2901,white,6
2902,white,4
2903,white,7
2904,white,6
2905,white,5
2906,white,6
2907,white,5
2908,white,8
2909,white,4
2910,white,7
2911,white,4
2912,white,6
2913,white,5
2914,white,5
2915,white,6
2916,white,7
2917,white,5
2918,white,6
2919,white,5
2920,white,5
2921,white,5
2922,white,5
2923,white,5
2924,white,7
2925,white,5
2926,white,5
2927,white,5
2928,white,6
2929,white,8
2930,white,6
2931,white,6
2932,white,6
2933,white,6
2934,white,6
2935,white,8
2936,white,6
2937,white,6
2938,white,6
2939,white,5
2940,white,6
2941,white,7
2942,white,5
2943,white,6
2944,white,5
2945,white,6
2946,white,6
2947,white,5
2948,white,5
2949,white,6
2950,white,6
2951,white,5
2952,white,6
2953,white,6
2954,white,6
2955,white,6
2956,white,6
2957,white,6
2958,white,5
2959,white,7
2960,white,8
2961,white,7
2962,white,8
2963,white,6
2964,white,5
2965,white,6
2966,white,5
2967,white,6
2968,white,5
2969,white,5
2970,white,9
2971,white,6
2972,white,6
2973,white,6
2974,white,7
2975,white,6
2976,white,5
2977,white,6
2978,white,6
2979,white,6
2980,white,8
2981,white,6
2982,white,5
2983,white,6
2984,white,5
2985,white,6
2986,white,7
2987,white,8
2988,white,7
2989,white,6
2990,white,6
2991,white,6
2992,white,6
2993,white,5
2994,white,5
2995,white,6
2996,white,5
2997,white,5
2998,white,6
2999,white,8
3000,white,7
3001,white,5
3002,white,5
3003,white,7
3004,white,4
3005,white,5
3006,white,8
3007,white,6
3008,white,7
3009,white,5
3010,white,5
3011,white,6
3012,white,6
3013,white,5
3014,white,7
3015,white,5
3016,white,9
3017,white,7
3018,white,8
3019,white,7
3020,white,5
3021,white,5
3022,white,6
3023,white,6
3024,white,5
3025,white,6
3026,white,6
3027,white,8
3028,white,6
3029,white,5
3030,white,6
3031,white,6
3032,white,5
3033,white,5
3034,white,6
3035,white,7
3036,white,6
3037,white,7
3038,white,6
3039,white,6
3040,white,5
3041,white,8
3042,white,6
3043,white,6
3044,white,6
3045,white,7
3046,white,6
3047,white,6
3048,white,7
3049,white,6
3050,white,7
3051,white,5
3052,white,6
3053,white,7
3054,white,5
3055,white,7
3056,white,6
3057,white,8
3058,white,5
3059,white,5
3060,white,6
3061,white,5
3062,white,6
3063,white,6
3064,white,7
3065,white,4
3066,white,5
3067,white,5
3068,white,5
3069,white,6
3070,white,5
3071,white,7
3072,white,7
3073,white,6
3074,white,4
3075,white,6
3076,white,5
3077,white,5
3078,white,6
3079,white,5
3080,white,6
3081,white,6
3082,white,6
3083,white,7
3084,white,6
3085,white,6
3086,white,6
3087,white,6
3088,white,6
3089,white,8
3090,white,5
3091,white,7
3092,white,6
3093,white,5
3094,white,6
3095,white,5
3096,white,5
3097,white,7
3098,white,7
3099,white,6
3100,white,5
3101,white,7
3102,white,6
3103,white,6
3104,white,5
3105,white,7
3106,white,7
3107,white,4
3108,white,5
3109,white,5
3110,white,6
3111,white,6
3112,white,7
3113,white,7
3114,white,7
3115,white,6
3116,white,6
3117,white,8
3118,white,6
3119,white,5
3120,white,6
3121,white,8
3122,white,6
3123,white,6
3124,white,4
3125,white,6
3126,white,6
3127,white,5
3128,white,6
3129,white,6
3130,white,6
3131,white,5
3132,white,7
3133,white,5
3134,white,6
3135,white,5
3136,white,7
3137,white,6
3138,white,5
3139,white,7
3140,white,7
3141,white,5
3142,white,5
3143,white,6
3144,white,7
3145,white,6
3146,white,5
3147,white,6
3148,white,5
3149,white,7
3150,white,5
3151,white,7
3152,white,4
3153,white,7
3154,white,5
3155,white,6
3156,white,6
3157,white,6
3158,white,6
3159,white,6
3160,white,5
3161,white,4
3162,white,6
3163,white,6
3164,white,7
3165,white,5
3166,white,6
3167,white,7
3168,white,4
3169,white,6
3170,white,6
3171,white,6
3172,white,4
3173,white,6
3174,white,7
3175,white,8
3176,white,6
3177,white,6
3178,white,7
3179,white,7
3180,white,6
3181,white,7
3182,white,6
3183,white,6
3184,white,6
3185,white,5
3186,white,8
3187,white,7
3188,white,6
3189,white,6
3190,white,7
3191,white,4
3192,white,7
3193,white,5
3194,white,6
3195,white,5
3196,white,5
3197,white,5
3198,white,5
3199,white,5
3200,white,5
3201,white,4
3202,white,5
3203,white,6
3204,white,8
3205,white,6
3206,white,6
3207,white,4
3208,white,6
3209,white,5
3210,white,5
3211,white,5
3212,white,6
3213,white,7
3214,white,5
3215,white,6
3216,white,7
3217,white,6
3218,white,5
3219,white,6
3220,white,5
3221,white,5
3222,white,6
3223,white,7
3224,white,5
3225,white,6
3226,white,7
3227,white,6
3228,white,6
3229,white,6
3230,white,5
3231,white,5
3232,white,5
3233,white,6
3234,white,6
3235,white,5
3236,white,6
3237,white,6
3238,white,6
3239,white,7
3240,white,5
3241,white,6
3242,white,6
3243,white,6
3244,white,5
3245,white,5
3246,white,4
3247,white,7
3248,white,6
3249,white,6
3250,white,7
3251,white,6
3252,white,6
3253,white,5
3254,white,6
3255,white,5
3256,white,7
3257,white,7
3258,white,7
3259,white,5
3260,white,4
3261,white,8
3262,white,5
3263,white,7
3264,white,7
3265,white,5
3266,white,5
3267,white,6
3268,white,7
3269,white,6
3270,white,6
3271,white,5
3272,white,6
3273,white,8
3274,white,6
3275,white,6
3276,white,6
3277,white,5
3278,white,6
3279,white,5
3280,white,6
3281,white,4
3282,white,6
3283,white,6
3284,white,6
3285,white,5
3286,white,7
3287,white,5
3288,white,7
3289,white,6
3290,white,6
3291,white,7
3292,white,7
3293,white,5
3294,white,6
3295,white,5
3296,white,5
3297,white,6
3298,white,7
3299,white,6
3300,white,6
3301,white,5
3302,white,5
3303,white,6
3304,white,8
3305,white,6
3306,white,6
3307,white,6
3308,white,6
3309,white,7
3310,white,5
3311,white,6
3312,white,8
3313,white,6
3314,white,5
3315,white,6
3316,white,6
3317,white,5
3318,white,6
3319,white,5
3320,white,5
3321,white,4
3322,white,6
3323,white,6
3324,white,8
3325,white,5
3326,white,5
3327,white,5
3328,white,6
3329,white,5
3330,white,8
3331,white,6
3332,white,5
3333,white,5
3334,white,6
3335,white,6
3336,white,7
3337,white,7
3338,white,4
3339,white,6
3340,white,7
3341,white,7
3342,white,6
3343,white,7
3344,white,6
3345,white,5
3346,white,5
3347,white,5
3348,white,6
3349,white,7
3351,white,6
3352,white,6
3353,white,6
3354,white,5
3355,white,7
3356,white,6
3357,white,6
3358,white,6
3359,white,5
3360,white,5
3361,white,7
3362,white,7
3363,white,6
3364,white,6
3365,white,6
3366,white,5
3367,white,8
3368,white,6
3369,white,4
3370,white,5
3371,white,7
3372,white,6
3373,white,6
3375,white,7
3376,white,5
3377,white,6
3378,white,5
3379,white,6
3380,white,6
3381,white,6
3382,white,5
3383,white,6
3384,white,5
3385,white,6
3386,white,5
3387,white,5
3388,white,5
3389,white,6
3390,white,4
3391,white,5
3392,white,6
3393,white,3
3394,white,7
3395,white,5
3396,white,7
3397,white,8
3398,white,5
3399,white,6
3400,white,6
3401,white,5
3402,white,5
3403,white,5
3404,white,5
3405,white,6
3406,white,6
3407,white,7
3408,white,7
3409,white,7
3410,white,6
3411,white,7
3412,white,6
3413,white,6
3414,white,5
3415,white,7
3416,white,5
3417,white,5
3418,white,6
3419,white,5
3420,white,8
3421,white,5
3422,white,6
3423,white,6
3424,white,5
3425,white,6
3426,white,6
3427,white,6
3428,white,5
3429,white,6
3430,white,5
3431,white,6
3432,white,6
3433,white,6
3434,white,6
3435,white,7
3436,white,5
3437,white,5
3438,white,7
3439,white,6
3440,white,5
3441,white,7
3442,white,6
3443,white,6
3444,white,5
3445,white,4
3446,white,7
3447,white,5
3448,white,6
3449,white,6
3450,white,6
3451,white,7
3452,white,6
3453,white,6
3454,white,5
3455,white,6
3456,white,4
3457,white,5
3458,white,6
3459,white,6
3460,white,8
3461,white,6
3462,white,6
3463,white,6
3464,white,6
3465,white,7
3466,white,7
3467,white,6
3468,white,6
3469,white,6
3470,white,6
3471,white,6
3472,white,5
3473,white,5
3474,white,6
3475,white,6
3476,white,7
3477,white,6
3478,white,7
3479,white,5
3480,white,6
3481,white,5
3482,white,5
3483,white,7
3484,white,6
3485,white,6
3486,white,6
3487,white,6
3488,white,7
3489,white,6
3490,white,6
3491,white,5
3492,white,6
3493,white,6
3494,white,5
3495,white,6
3496,white,8
3497,white,7
3498,white,6
3499,white,5
3500,white,6
3501,white,6
3502,white,6
3503,white,6
3504,white,8
3505,white,5
3506,white,5
3507,white,5
3508,white,5
3509,white,6
3510,white,6
3511,white,5
3512,white,7
3513,white,6
3514,white,5
3515,white,6
3516,white,5
3517,white,5
3518,white,6
3519,white,5
3521,white,5
3522,white,4
3523,white,4
3524,white,6
3525,white,5
3526,white,5
3527,white,6
3528,white,6
3529,white,6
3530,white,6
3531,white,6
3532,white,6
3533,white,5
3534,white,7
3535,white,6
3536,white,6
3537,white,6
3538,white,5
3539,white,4
3540,white,6
3541,white,4
3542,white,6
3543,white,6
3544,white,6
3545,white,7
3546,white,6
3547,white,7
3548,white,7
3549,white,7
3550,white,6
3551,white,6
3552,white,7
3553,white,7
3554,white,5
3555,white,6
3556,white,6
3557,white,6
3558,white,5
3559,white,4
3560,white,5
3561,white,6
3562,white,6
3563,white,5
3564,white,6
3565,white,7
3566,white,6
3567,white,7
3568,white,6
3569,white,7
3570,white,7
3571,white,5
3572,white,5
3573,white,7
3574,white,5
3575,white,6
3576,white,7
3577,white,7
3578,white,7
3579,white,7
3580,white,6
3581,white,6
3582,white,6
3583,white,6
3584,white,6
3585,white,5
3586,white,7
3587,white,7
3588,white,5
3589,white,7
3590,white,5
3591,white,4
3592,white,7
3593,white,5
3594,white,6
3595,white,5
3596,white,6
3597,white,6
3598,white,5
3599,white,6
3600,white,7
3601,white,5
3603,white,6
3604,white,6
3605,white,6
3606,white,6
3607,white,7
3608,white,6
3609,white,5
3610,white,5
3611,white,5
3612,white,6
3613,white,6
3614,white,5
3615,white,6
3616,white,6
3617,white,6
3618,white,6
3619,white,6
3620,white,6
3621,white,5
3622,white,8
3623,white,7
3624,white,5
3625,white,5
3626,white,6
3627,white,6
3628,white,6
3629,white,7
3630,white,6
3631,white,6
3632,white,6
3633,white,6
3634,white,8
3635,white,6
3636,white,6
3637,white,5
3638,white,8
3639,white,5
3640,white,5
3641,white,5
3642,white,7
3643,white,6
3644,white,5
3645,white,4
3646,white,7
3647,white,7
3648,white,6
3649,white,5
3650,white,6
3651,white,6
3652,white,6
3653,white,6
3654,white,4
3655,white,5
3656,white,8
3657,white,5
3658,white,6
3659,white,5
3660,white,6
3661,white,7
3662,white,6
3663,white,6
3664,white,7
3665,white,5
3666,white,5
3667,white,5
3668,white,6
3669,white,6
3670,white,6
3671,white,7
3672,white,6
3673,white,4
3674,white,6
3675,white,6
3676,white,6
3677,white,6
3678,white,6
3679,white,6
3680,white,7
3681,white,6
3682,white,6
3683,white,7
3684,white,5
3685,white,5
3686,white,7
3687,white,5
3688,white,7
3689,white,5
3690,white,5
3691,white,5
3692,white,8
3693,white,6
3694,white,5
3695,white,7
3696,white,6
3698,white,7
3699,white,6
3700,white,6
3701,white,6
3702,white,8
3703,white,8
3704,white,5
3705,white,7
3706,white,5
3707,white,7
3708,white,6
3709,white,7
3710,white,6
3711,white,5
3712,white,5
3714,white,5
3715,white,7
3716,white,6
3717,white,6
3718,white,7
3719,white,6
3720,white,7
3721,white,6
3722,white,6
3723,white,8
3724,white,6
3725,white,5
3726,white,7
3727,white,7
3728,white,5
3729,white,6
3730,white,7
3731,white,6
3732,white,7
3733,white,6
3734,white,7
3735,white,3
3736,white,4
3737,white,6
3738,white,6
3739,white,6
3740,white,6
3741,white,6
3742,white,5
3743,white,5
3744,white,7
3745,white,6
3746,white,6
3747,white,6
3748,white,6
3749,white,7
3750,white,7
3751,white,5
3752,white,6
3753,white,7
3754,white,5
3755,white,6
3756,white,6
3757,white,5
3758,white,6
3759,white,4
3760,white,5
3761,white,6
3762,white,6
3763,white,6
3764,white,6
3765,white,7
3766,white,7
3767,white,8
3768,white,6
3769,white,6
3770,white,7
3771,white,6
3772,white,7
3773,white,6
3774,white,6
3775,white,6
3776,white,5
3777,white,7
3778,white,6
3779,white,5
3780,white,5
3781,white,6
3782,white,8
3783,white,6
3784,white,8
3785,white,6
3786,white,5
3787,white,7
3788,white,5
3789,white,7
3790,white,6
3791,white,6
3792,white,6
3793,white,7
3794,white,8
3795,white,7
3796,white,5
3797,white,6
3798,white,7
3799,white,5
3800,white,6
3801,white,7
3802,white,4
3803,white,6
3804,white,4
3805,white,7
3806,white,6
3807,white,5
3808,white,6
3809,white,6
3810,white,6
3811,white,6
3812,white,5
3813,white,6
3814,white,5
3815,white,5
3816,white,7
3817,white,6
3818,white,6
3819,white,6
3820,white,6
3821,white,7
3823,white,5
3824,white,6
3825,white,8
3826,white,5
3827,white,6
3828,white,5
3829,white,6
3830,white,6
3831,white,5
3832,white,6
3833,white,6
3834,white,5
3835,white,5
3836,white,6
3837,white,5
3838,white,5
3839,white,7
3840,white,9
3841,white,5
3842,white,7
3843,white,5
3844,white,6
3845,white,7
3846,white,6
3847,white,5
3848,white,5
3849,white,7
3850,white,7
3851,white,5
3852,white,5
3853,white,6
3854,white,6
3855,white,7
3856,white,6
3857,white,5
3858,white,6
3859,white,4
3860,white,5
3861,white,6
3862,white,7
3863,white,5
3864,white,6
3865,white,6
3866,white,6
3867,white,6
3868,white,6
3869,white,6
3870,white,5
3871,white,5
3872,white,7
3873,white,6
3874,white,7
3875,white,6
3876,white,6
3877,white,6
3878,white,5
3879,white,6
3880,white,6
3881,white,5
3882,white,6
3883,white,6
3884,white,5
3885,white,6
3886,white,6
3887,white,6
3888,white,6
3889,white,8
3890,white,5
3891,white,4
3892,white,6
3893,white,6
3894,white,6
3895,white,5
3896,white,7
3897,white,6
3898,white,6
3899,white,5
3900,white,7
3901,white,7
3902,white,5
3903,white,7
3904,white,7
3905,white,8
3906,white,4
3907,white,8
3908,white,7
3909,white,7
3910,white,6
3911,white,5
3912,white,7
3913,white,8
3914,white,6
3915,white,8
3916,white,6
3917,white,8
3918,white,6
3919,white,8
3920,white,6
3921,white,5
3922,white,5
3923,white,5
3924,white,6
3925,white,6
3926,white,6
3927,white,6
3928,white,7
3929,white,5
3930,white,6
3931,white,6
3932,white,6
3933,white,5
3934,white,7
3935,white,6
3936,white,5
3937,white,5
3938,white,5
3939,white,6
3940,white,5
3941,white,6
3942,white,7
3943,white,6
3944,white,7
3945,white,6
3946,white,6
3947,white,7
3948,white,6
3949,white,8
3950,white,6
3951,white,6
3952,white,7
3953,white,4
3954,white,5
3955,white,7
3956,white,6
3957,white,6
3958,white,6
3959,white,6
3960,white,6
3961,white,5
3962,white,6
3963,white,6
3964,white,6
3965,white,6
3966,white,8
3967,white,7
3968,white,5
3969,white,7
3970,white,4
3971,white,5
3972,white,6
3973,white,7
3974,white,6
3975,white,7
3976,white,5
3977,white,6
3978,white,6
3979,white,6
3980,white,8
3981,white,6
3982,white,6
3983,white,6
3984,white,6
3985,white,5
3986,white,6
3987,white,6
3988,white,6
3989,white,5
3990,white,5
3991,white,5
3992,white,8
3993,white,5
3994,white,6
3995,white,6
3996,white,7
3997,white,5
3998,white,5
3999,white,6
4000,white,6
4001,white,7
4002,white,6
4003,white,6
4004,white,6
4005,white,6
4006,white,7
4007,white,6
4008,white,6
4009,white,6
4010,white,7
4011,white,6
4012,white,6
4013,white,7
4014,white,6
4015,white,5
4016,white,5
4017,white,6
4018,white,5
4019,white,5
4020,white,6
4021,white,7
4022,white,5
4023,white,6
4024,white,8
4025,white,6
4026,white,6
4027,white,6
4028,white,6
4029,white,8
4030,white,7
4031,white,5
4032,white,5
4033,white,5
4034,white,5
4035,white,5
4036,white,6
4037,white,6
4038,white,5
4039,white,8
4040,white,6
4041,white,5
4042,white,6
4043,white,5
4044,white,6
4045,white,5
4046,white,5
4047,white,6
4048,white,6
4049,white,8
4050,white,6
4051,white,6
4052,white,6
4053,white,6
4054,white,5
4055,white,6
4056,white,6
4057,white,5
4058,white,7
4059,white,6
4060,white,6
4061,white,7
4062,white,7
4063,white,6
4064,white,6
4065,white,6
4066,white,5
4067,white,4
4068,white,8
4069,white,7
4070,white,5
4071,white,6
4072,white,5
4073,white,6
4074,white,5
4075,white,6
4076,white,6
4077,white,7
4078,white,7
4079,white,5
4080,white,6
4081,white,5
4082,white,6
4083,white,5
4084,white,6
4085,white,5
4086,white,7
4087,white,6
4088,white,6
4089,white,6
4090,white,6
4091,white,6
4092,white,5
4093,white,5
4094,white,7
4095,white,7
4096,white,7
4097,white,7
4098,white,5
4099,white,6
4100,white,5
4101,white,6
4102,white,5
4103,white,5
4104,white,6
4105,white,7
4106,white,5
4107,white,8
4108,white,7
4109,white,8
4110,white,6
4111,white,6
4112,white,7
4113,white,5
4114,white,5
4115,white,5
4116,white,6
4117,white,7
4118,white,6
4119,white,7
4120,white,6
4121,white,6
4122,white,6
4123,white,7
4124,white,5
4125,white,6
4126,white,8
4127,white,5
4128,white,5
4129,white,5
4130,white,6
4131,white,6
4132,white,7
4133,white,5
4134,white,7
4135,white,6
4136,white,3
4137,white,5
4138,white,6
4139,white,6
4140,white,5
4141,white,5
4142,white,7
4143,white,7
4144,white,6
4145,white,7
4146,white,5
4147,white,6
4148,white,6
4149,white,7
4151,white,7
4152,white,7
4153,white,4
4154,white,7
4155,white,6
4156,white,5
4157,white,7
4158,white,6
4159,white,7
4160,white,5
4161,white,5
4162,white,6
4163,white,5
4164,white,6
4165,white,7
4166,white,6
4167,white,6
4168,white,8
4169,white,7
4170,white,5
4171,white,6
4172,white,6
4173,white,6
4174,white,6
4175,white,6
4176,white,6
4177,white,6
4178,white,6
4179,white,7
4180,white,6
4181,white,6
4182,white,6
4183,white,5
4184,white,5
4185,white,5
4186,white,4
4187,white,5
4188,white,6
4189,white,7
4190,white,6
4191,white,6
4192,white,5
4193,white,5
4194,white,5
4195,white,8
4196,white,6
4197,white,6
4198,white,5
4199,white,5
4200,white,5
4201,white,6
4202,white,6
4203,white,5
4204,white,7
4205,white,6
4206,white,5
4207,white,5
4208,white,6
4209,white,5
4210,white,6
4211,white,4
4212,white,6
4213,white,5
4214,white,5
4215,white,5
4216,white,8
4217,white,6
4218,white,6
4219,white,5
4220,white,5
4221,white,5
4222,white,6
4223,white,6
4224,white,6
4225,white,6
4226,white,8
4227,white,6
4228,white,7
4229,white,5
4230,white,5
4231,white,6
4232,white,6
4233,white,6
4234,white,5
4235,white,6
4236,white,5
4237,white,6
4238,white,6
4239,white,5
4240,white,5
4241,white,6
4242,white,6
4243,white,6
4244,white,5
4245,white,5
4246,white,6
4247,white,5
4248,white,6
4249,white,5
4250,white,7
4251,white,7
4252,white,6
4253,white,6
4254,white,6
4255,white,5
4256,white,7
4257,white,7
4258,white,6
4259,white,6
4260,white,6
4261,white,6
4262,white,6
4263,white,6
4264,white,6
4265,white,6
4266,white,6
4267,white,6
4268,white,5
4269,white,5
4270,white,5
4271,white,7
4272,white,5
4273,white,5
4274,white,6
4275,white,7
4276,white,7
4277,white,6
4278,white,6
4279,white,7
4280,white,6
4281,white,5
4282,white,6
4283,white,6
4284,white,6
4285,white,6
4286,white,5
4287,white,6
4288,white,7
4289,white,6
4290,white,7
4291,white,7
4292,white,5
4293,white,7
4294,white,5
4295,white,7
4296,white,6
4297,white,6
4298,white,7
4299,white,6
4300,white,6
4301,white,7
4302,white,6
4303,white,6
4304,white,5
4305,white,7
4306,white,6
4307,white,5
4308,white,6
4309,white,7
4310,white,7
4311,white,6
4312,white,5
4313,white,6
4314,white,5
4315,white,7
4316,white,5
4317,white,6
4318,white,6
4319,white,6
4320,white,7
4321,white,5
4322,white,5
4323,white,5
4324,white,6
4325,white,5
4326,white,7
4327,white,5
4328,white,6
4329,white,6
4330,white,4
4331,white,5
4332,white,7
4333,white,5
4334,white,5
4335,white,5
4337,white,5
4338,white,4
4339,white,6
4340,white,6
4341,white,5
4342,white,6
4343,white,5
4344,white,7
4345,white,6
4346,white,6
4347,white,6
4348,white,7
4349,white,6
4350,white,6
4351,white,6
4352,white,6
4353,white,6
4354,white,6
4355,white,6
4356,white,8
4357,white,7
4358,white,5
4359,white,7
4360,white,6
4361,white,5
4362,white,7
4364,white,8
4365,white,6
4366,white,7
4367,white,6
4368,white,6
4369,white,6
4370,white,5
4371,white,7
4372,white,6
4373,white,6
4374,white,5
4375,white,7
4376,white,6
4377,white,8
4378,white,7
4379,white,4
4380,white,5
4381,white,6
4382,white,5
4383,white,6
4384,white,6
4385,white,6
4386,white,6
4387,white,7
4388,white,6
4389,white,5
4390,white,5
4391,white,6
4392,white,6
4393,white,5
4394,white,5
4395,white,7
4396,white,6
4397,white,6
4398,white,6
4399,white,6
4400,white,6
4401,white,6
4402,white,6
4403,white,6
4404,white,6
4405,white,6
4406,white,6
4407,white,6
4408,white,5
4409,white,6
4410,white,6
4411,white,6
4412,white,6
4413,white,7
4414,white,6
4415,white,6
4416,white,5
4417,white,7
4418,white,8
4419,white,6
4420,white,5
4421,white,7
4422,white,6
4423,white,6
4424,white,5
4425,white,6
4426,white,6
4427,white,6
4428,white,5
4429,white,6
4430,white,6
4431,white,6
4432,white,6
4433,white,5
4434,white,6
4435,white,8
4436,white,6
4437,white,8
4438,white,5
4439,white,7
4440,white,5
4441,white,6
4442,white,6
4443,white,6
4444,white,6
4445,white,5
4446,white,6
4447,white,6
4448,white,7
4449,white,5
4450,white,5
4451,white,6
4452,white,6
4453,white,5
4454,white,5
4455,white,6
4456,white,4
4457,white,6
4458,white,8
4459,white,5
4460,white,6
4461,white,8
4462,white,6
4463,white,7
4464,white,4
4465,white,6
4466,white,6
4467,white,6
4468,white,4
4469,white,6
4470,white,5
4471,white,5
4472,white,6
4473,white,7
4474,white,6
4475,white,5
4476,white,5
4477,white,6
4478,white,6
4479,white,6
4480,white,4
4481,white,5
4482,white,5
4483,white,5
4484,white,5
4485,white,7
4486,white,5
4487,white,6
4488,white,8
4489,white,6
4490,white,8
4491,white,6
4492,white,5
4493,white,5
4494,white,5
4495,white,5
4496,white,7
4497,white,5
4498,white,6
4499,white,5
4500,white,5
4501,white,8
4502,white,7
4503,white,5
4504,white,7
4505,white,6
4506,white,6
4507,white,7
4508,white,5
4509,white,5
4510,white,7
4511,white,7
4512,white,5
4513,white,6
4514,white,8
4515,white,6
4516,white,5
4517,white,6
4518,white,6
4519,white,5
4520,white,5
4521,white,6
4522,white,6
4523,white,6
4524,white,6
4525,white,6
4526,white,5
4527,white,6
4528,white,4
4529,white,7
4530,white,6
4531,white,5
4532,white,7
4533,white,6
4534,white,6
4535,white,6
4536,white,6
4537,white,5
4538,white,8
4539,white,5
4540,white,6
4541,white,5
4542,white,7
4543,white,6
4544,white,6
4545,white,6
4546,white,4
4547,white,6
4548,white,5
4549,white,5
4550,white,7
4551,white,6
4552,white,4
4553,white,6
4554,white,6
4555,white,5
4556,white,7
4557,white,5
4558,white,7
4559,white,5
4560,white,6
4561,white,7
4562,white,7
4563,white,5
4564,white,5
4565,white,5
4566,white,6
4567,white,6
4568,white,7
4569,white,7
4570,white,7
4571,white,5
4572,white,6
4573,white,6
4574,white,6
4575,white,5
4576,white,7
4577,white,7
4578,white,6
4579,white,6
4580,white,6
4581,white,7
4582,white,7
4584,white,5
4585,white,6
4586,white,6
4587,white,5
4588,white,6
4589,white,6
4590,white,7
4591,white,6
4592,white,6
4593,white,6
4594,white,5
4595,white,6
4596,white,6
4597,white,6
4598,white,5
4599,white,6
4600,white,7
4601,white,5
4602,white,5
4603,white,5
4604,white,5
4605,white,5
4606,white,6
4607,white,5
4608,white,5
4609,white,5
4610,white,5
4611,white,6
4612,white,5
4613,white,5
4614,white,7
4615,white,5
4616,white,7
4617,white,6
4618,white,5
4619,white,5
4620,white,6
4621,white,6
4622,white,6
4623,white,6
4624,white,6
4625,white,6
4626,white,6
4627,white,8
4628,white,7
4629,white,5
4630,white,5
4631,white,7
4632,white,5
4633,white,6
4634,white,6
4635,white,5
4636,white,5
4637,white,6
4638,white,5
4639,white,5
4640,white,8
4641,white,6
4642,white,7
4643,white,6
4644,white,5
4645,white,6
4646,white,6
4647,white,6
4648,white,5
4649,white,5
4650,white,7
4651,white,5
4652,white,7
4653,white,5
4654,white,7
4655,white,7
4656,white,7
4657,white,6
4658,white,6
4659,white,5
4660,white,5
4661,white,5
4662,white,6
4663,white,7
4664,white,6
4665,white,4
4666,white,6
4667,white,6
4668,white,5
4669,white,5
4670,white,6
4671,white,5
4672,white,5
4673,white,6
4674,white,7
4675,white,5
4676,white,6
4677,white,6
4678,white,6
4679,white,6
4680,white,5
4681,white,5
4682,white,8
4683,white,6
4684,white,4
4685,white,7
4686,white,5
4687,white,5
4688,white,5
4689,white,5
4690,white,6
4691,white,6
4692,white,7
4693,white,6
4694,white,5
4695,white,5
4696,white,6
4697,white,4
4698,white,7
4699,white,6
4700,white,6
4701,white,5
4702,white,6
4703,white,5
4704,white,6
4705,white,6
4706,white,6
4707,white,5
4708,white,6
4709,white,5
4710,white,6
4711,white,7
4712,white,7
4713,white,5
4714,white,4
4715,white,7
4716,white,5
4717,white,6
4718,white,7
4719,white,7
4720,white,6
4721,white,5
4722,white,6
4723,white,7
4724,white,7
4725,white,7
4726,white,5
4727,white,5
4728,white,6
4729,white,5
4730,white,6
4731,white,6
4732,white,6
4733,white,6
4734,white,5
4735,white,8
4736,white,5
4737,white,7
4738,white,7
4739,white,6
4740,white,7
4741,white,5
4742,white,7
4743,white,6
4744,white,5
4745,white,6
4746,white,5
4747,white,7
4748,white,6
4749,white,7
4750,white,7
4751,white,5
4752,white,6
4753,white,6
4754,white,6
4755,white,6
4756,white,6
4757,white,5
4758,white,7
4759,white,6
4760,white,6
4761,white,7
4762,white,5
4763,white,5
4764,white,6
4765,white,5
4766,white,6
4767,white,8
4768,white,8
4769,white,6
4770,white,5
4771,white,6
4772,white,5
4773,white,6
4774,white,5
4775,white,5
4776,white,7
4777,white,7
4778,white,5
4779,white,6
4780,white,6
4781,white,7
4782,white,6
4783,white,7
4784,white,4
4785,white,7
4786,white,6
4787,white,6
4788,white,6
4789,white,7
4790,white,6
4791,white,5
4792,white,7
4793,white,7
4794,white,6
4795,white,6
4796,white,7
4797,white,6
4798,white,5
4799,white,7
4800,white,5
4801,white,5
4802,white,6
4803,white,5
4804,white,6
4805,white,6
4806,white,7
4807,white,6
4808,white,5
4809,white,6
4810,white,7
4811,white,6
4812,white,7
4813,white,5
4814,white,5
4815,white,6
4816,white,6
4817,white,7
4818,white,6
4819,white,6
4820,white,6
4821,white,7
4822,white,6
4823,white,6
4824,white,6
4825,white,5
4826,white,3
4827,white,5
4828,white,6
4829,white,7
4830,white,4
4831,white,5
4832,white,8
4833,white,6
4834,white,6
4835,white,7
4836,white,7
4837,white,4
4838,white,7
4839,white,6
4840,white,6
4841,white,5
4842,white,7
4843,white,5
4844,white,5
4845,white,9
4846,white,6
4847,white,6
4848,white,5
4849,white,6
4850,white,5
4851,white,5
4852,white,6
4853,white,5
4854,white,5
4855,white,6
4856,white,7
4857,white,6
4858,white,6
4859,white,6
4860,white,6
4861,white,5
4862,white,5
4863,white,6
4864,white,6
4865,white,6
4866,white,7
4867,white,6
4868,white,5
4869,white,6
4870,white,5
4871,white,5
4872,white,5
4873,white,5
4874,white,6
4875,white,7
4876,white,6
4877,white,5
4878,white,6
4879,white,7
4880,white,6
4881,white,7
4882,white,4
4883,white,6
4884,white,5
4885,white,5
4886,white,5
4887,white,6
4888,white,6
4889,white,6
4890,white,5
4891,white,5
4892,white,7
4893,white,6
4894,white,5
4895,white,6
4896,white,6
4897,white,4
4898,white,6
4899,white,5
4900,white,5
4901,white,5
4902,white,6
4903,white,6
4904,white,5
4905,white,4
4906,white,5
4907,white,8
4908,white,8
4909,white,6
4910,white,5
4911,white,6
4913,white,5
4914,white,5
4915,white,7
4916,white,6
4917,white,6
4918,white,5
4919,white,7
4920,white,5
4921,white,8
4922,white,7
4923,white,4
4924,white,6
4925,white,7
4926,white,7
4927,white,5
4928,white,6
4929,white,5
4930,white,6
4931,white,5
4932,white,7
4933,white,5
4934,white,5
4935,white,6
4936,white,5
4937,white,5
4938,white,5
4939,white,5
4940,white,7
4941,white,5
4942,white,5
4943,white,5
4944,white,7
4945,white,4
4946,white,7
4947,white,5
4948,white,5
4949,white,5
4950,white,6
4951,white,6
4952,white,6
4953,white,5
4954,white,7
4955,white,5
4956,white,6
4957,white,6
4958,white,6
4959,white,5
4960,white,5
4961,white,5
4962,white,6
4963,white,7
4964,white,5
4965,white,6
4966,white,6
4967,white,6
4968,white,6
4969,white,6
4970,white,5
4971,white,6
4972,white,6
4973,white,5
4974,white,6
4975,white,5
4976,white,5
4977,white,5
4978,white,7
4979,white,6
4980,white,6
4981,white,7
4982,white,5
4983,white,6
4984,white,6
4985,white,6
4986,white,6
4987,white,7
4988,white,7
4989,white,8
4990,white,5
4991,white,7
4992,white,6
4993,white,6
4994,white,7
4995,white,6
4996,white,5
4997,white,6
4998,white,5
4999,white,6
5000,white,6
5001,white,5
5002,white,5
5003,white,7
5004,white,6
5005,white,6
5006,white,4
5007,white,7
5008,white,5
5009,white,7
5010,white,6
5011,white,6
5012,white,6
5013,white,5
5014,white,6
5015,white,6
5016,white,5
5017,white,5
5018,white,6
5019,white,6
5020,white,4
5021,white,5
5022,white,6
5023,white,7
5024,white,6
5025,white,6
5026,white,5
5027,white,5
5028,white,6
5029,white,7
5030,white,6
5031,white,6
5032,white,5
5033,white,5
5034,white,5
5035,white,6
5036,white,6
5037,white,6
5038,white,6
5039,white,5
5040,white,5
5041,white,6
5042,white,6
5043,white,6
5044,white,7
5045,white,5
5046,white,5
5047,white,5
5048,white,5
5049,white,7
5050,white,5
5051,white,5
5052,white,5
5053,white,6
5054,white,6
5055,white,6
5056,white,7
5057,white,7
5058,white,6
5059,white,6
5060,white,4
5061,white,6
5062,white,5
5063,white,7
5064,white,5
5065,white,6
5066,white,6
5067,white,6
5068,white,5
5069,white,6
5070,white,6
5071,white,7
5072,white,7
5073,white,6
5074,white,5
5075,white,6
5076,white,6
5077,white,5
5078,white,6
5079,white,7
5080,white,5
5081,white,5
5082,white,5
5083,white,5
5084,white,7
5085,white,8
5086,white,6
5087,white,6
5088,white,7
5089,white,7
5090,white,7
5091,white,5
5092,white,5
5093,white,5
5094,white,6
5095,white,6
5096,white,6
5097,white,5
5098,white,7
5099,white,5
5100,white,5
5101,white,5
5102,white,6
5103,white,5
5104,white,5
5105,white,5
5106,white,6
5107,white,8
5108,white,7
5109,white,6
5110,white,5
5111,white,5
5112,white,7
5113,white,5
5114,white,7
5115,white,6
5116,white,6
5117,white,6
5118,white,7
5119,white,6
5120,white,6
5121,white,5
5122,white,8
5123,white,6
5124,white,5
5125,white,6
5126,white,7
5127,white,6
5128,white,6
5129,white,6
5130,white,6
5131,white,5
5132,white,7
5133,white,5
5134,white,5
5135,white,7
5136,white,7
5137,white,6
5138,white,5
5139,white,6
5140,white,6
5141,white,5
5142,white,5
5143,white,6
5144,white,6
5145,white,6
5146,white,6
5147,white,5
5148,white,6
5149,white,6
5150,white,7
5151,white,6
5152,white,6
5153,white,6
5154,white,7
5155,white,5
5156,white,5
5157,white,7
5158,white,5
5159,white,6
5160,white,5
5161,white,6
5162,white,7
5163,white,5
5164,white,7
5165,white,7
5166,white,6
5167,white,6
5168,white,6
5169,white,5
5170,white,6
5171,white,6
5172,white,6
5173,white,5
5174,white,5
5175,white,5
5176,white,6
5177,white,6
5178,white,6
5179,white,5
5180,white,7
5181,white,6
5182,white,7
5183,white,5
5184,white,6
5185,white,7
5186,white,7
5187,white,6
5188,white,6
5189,white,7
5190,white,7
5191,white,8
5192,white,6
5193,white,5
5194,white,5
5195,white,5
5196,white,6
5197,white,6
5198,white,4
5199,white,7
5200,white,6
5201,white,5
5202,white,6
5203,white,5
5204,white,4
5205,white,5
5206,white,6
5207,white,7
5208,white,5
5209,white,7
5210,white,7
5211,white,6
5212,white,7
5213,white,6
5214,white,6
5215,white,7
5216,white,7
5217,white,6
5218,white,8
5219,white,7
5220,white,7
5221,white,7
5222,white,6
5223,white,7
5224,white,5
5225,white,6
5226,white,6
5227,white,6
5228,white,5
5229,white,5
5230,white,5
5231,white,4
5232,white,8
5233,white,5
5234,white,6
5235,white,6
5236,white,8
5237,white,4
5238,white,6
5239,white,5
5240,white,6
5241,white,5
5242,white,6
5243,white,7
5244,white,5
5245,white,6
5246,white,5
5247,white,5
5248,white,6
5249,white,6
5250,white,3
5251,white,6
5252,white,5
5253,white,6
5254,white,5
5255,white,5
5256,white,5
5257,white,6
5258,white,5
5259,white,5
5260,white,6
5261,white,6
5262,white,5
5263,white,6
5264,white,6
5265,white,6
5266,white,7
5267,white,7
5268,white,7
5269,white,6
5270,white,5
5271,white,6
5272,white,6
5273,white,6
5274,white,5
5275,white,6
5276,white,5
5277,white,6
5278,white,5
5279,white,5
5280,white,7
5281,white,6
5282,white,7
5283,white,6
5284,white,5
5285,white,6
5286,white,5
5287,white,5
5288,white,6
5289,white,7
5290,white,5
5291,white,6
5292,white,4
5293,white,7
5294,white,4
5295,white,7
5296,white,6
5297,white,6
5298,white,5
5299,white,7
5300,white,7
5301,white,6
5302,white,7
5303,white,5
5304,white,6
5305,white,6
5306,white,5
5307,white,7
5308,white,6
5309,white,6
5310,white,5
5311,white,6
5312,white,5
5313,white,7
5314,white,4
5315,white,4
5316,white,7
5317,white,8
5318,white,6
5319,white,6
5320,white,7
5321,white,5
5322,white,7
5323,white,6
5324,white,7
5325,white,6
5326,white,5
5327,white,5
5328,white,7
5329,white,5
5330,white,6
5331,white,6
5332,white,5
5333,white,6
5334,white,5
5335,white,5
5336,white,5
5337,white,5
5338,white,6
5339,white,6
5340,white,7
5341,white,6
5342,white,7
5343,white,6
5344,white,6
5345,white,6
5346,white,7
5347,white,5
5348,white,7
5349,white,4
5350,white,7
5351,white,6
5352,white,6
5353,white,6
5354,white,7
5355,white,6
5356,white,6
5357,white,7
5358,white,7
5359,white,5
5360,white,7
5361,white,6
5362,white,7
5363,white,5
5364,white,7
5365,white,6
5366,white,6
5367,white,8
5368,white,4
5369,white,6
5370,white,6
5371,white,5
5372,white,7
5373,white,5
5374,white,6
5375,white,5
5376,white,5
5377,white,6
5378,white,7
5379,white,6
5380,white,5
5381,white,6
5382,white,5
5383,white,8
5384,white,6
5385,white,5
5386,white,7
5387,white,7
5388,white,7
5389,white,7
5390,white,5
5391,white,5
5392,white,6
5393,white,6
5394,white,7
5395,white,6
5396,white,5
5397,white,7
5398,white,6
5399,white,5
5400,white,6
5401,white,5
5402,white,4
5403,white,5
5404,white,6
5405,white,5
5406,white,6
5407,white,6
5408,white,5
5409,white,6
5410,white,6
5411,white,7
5412,white,6
5413,white,6
5414,white,6
5415,white,6
5416,white,6
5417,white,7
5418,white,6
5419,white,5
5420,white,5
5421,white,7
5422,white,5
5423,white,6
5424,white,6
5425,white,7
5426,white,5
5427,white,6
5428,white,5
5429,white,7
5430,white,5
5431,white,8
5432,white,6
5433,white,6
5434,white,7
5435,white,6
5436,white,6
5437,white,5
5438,white,6
5439,white,6
5440,white,6
5441,white,5
5442,white,6
5443,white,5
5444,white,5
5445,white,6
5446,white,6
5447,white,6
5448,white,6
5449,white,7
5450,white,8
5451,white,6
5452,white,5
5453,white,5
5454,white,5
5455,white,8
5456,white,5
5457,white,5
5458,white,5
5459,white,6
5460,white,5
5461,white,5
5462,white,6
5463,white,6
5464,white,6
5465,white,5
5466,white,6
5467,white,6
5468,white,6
5469,white,7
5470,white,6
5471,white,6
5472,white,6
5473,white,7
5474,white,5
5475,white,6
5476,white,6
5477,white,5
5478,white,7
5479,white,5
5480,white,7
5481,white,5
5482,white,6
5483,white,5
5484,white,5
5485,white,6
5486,white,5
5487,white,5
5488,white,6
5489,white,6
5490,white,5
5491,white,4
5492,white,7
5493,white,6
5494,white,6
5495,white,7
5496,white,4
5497,white,5
5498,white,5
5499,white,5
5500,white,7
5501,white,7
5502,white,5
5503,white,5
5504,white,4
5505,white,6
5506,white,6
5507,white,7
5508,white,6
5509,white,6
5510,white,5
5511,white,7
5512,white,5
5513,white,6
5514,white,6
5515,white,7
5516,white,5
5517,white,6
5518,white,6
5519,white,5
5520,white,8
5521,white,7
5522,white,7
5523,white,5
5524,white,6
5525,white,7
5526,white,6
5527,white,5
5528,white,5
5529,white,4
5530,white,4
5531,white,7
5532,white,5
5533,white,7
5534,white,5
5535,white,6
5536,white,5
5537,white,5
5538,white,5
5539,white,6
5540,white,6
5541,white,6
5542,white,4
5543,white,4
5544,white,5
5545,white,6
5546,white,4
5547,white,6
5548,white,6
5549,white,6
5550,white,6
5551,white,4
5552,white,6
5553,white,6
5554,white,4
5555,white,6
5556,white,6
5557,white,6
5558,white,4
5559,white,5
5560,white,5
5561,white,6
5562,white,7
5563,white,6
5564,white,5
5565,white,7
5566,white,6
5567,white,6
5568,white,5
5569,white,5
5570,white,7
5571,white,5
5572,white,5
5573,white,5
5574,white,5
5575,white,5
5577,white,6
5578,white,6
5579,white,5
5580,white,5
5581,white,6
5582,white,5
5583,white,6
5584,white,6
5585,white,5
5586,white,6
5587,white,5
5588,white,4
5589,white,6
5590,white,5
5591,white,6
5592,white,6
5593,white,7
5594,white,6
5595,white,6
5596,white,6
5597,white,5
5598,white,5
5599,white,5
5600,white,5
5601,white,6
5602,white,6
5603,white,6
5604,white,7
5605,white,6
5606,white,6
5607,white,5
5608,white,7
5609,white,6
5610,white,7
5611,white,5
5612,white,6
5613,white,6
5614,white,8
5615,white,5
5616,white,6
5617,white,7
5618,white,6
5619,white,5
5620,white,6
5621,white,6
5622,white,5
5623,white,5
5624,white,6
5625,white,6
5626,white,5
5627,white,7
5628,white,7
5629,white,5
5630,white,6
5631,white,6
5632,white,5
5633,white,6
5634,white,6
5635,white,5
5636,white,6
5637,white,7
5638,white,6
5639,white,5
5640,white,6
5641,white,6
5642,white,6
5643,white,6
5644,white,6
5645,white,6
5646,white,6
5647,white,5
5648,white,6
5649,white,5
5650,white,6
5651,white,7
5652,white,7
5653,white,5
5654,white,5
5655,white,7
5656,white,6
5657,white,6
5658,white,6
5659,white,6
5660,white,7
5661,white,7
5662,white,5
5663,white,5
5664,white,4
5665,white,6
5666,white,5
5667,white,6
5668,white,6
5669,white,7
5670,white,6
5671,white,5
5672,white,6
5673,white,5
5674,white,6
5675,white,6
5676,white,6
5677,white,6
5678,white,5
5679,white,6
5680,white,3
5681,white,6
5682,white,6
5683,white,5
5684,white,6
5685,white,7
5686,white,6
5687,white,7
5688,white,5
5689,white,6
5690,white,5
5691,white,4
5692,white,7
5693,white,5
5694,white,6
5695,white,6
5696,white,6
5697,white,6
5698,white,5
5699,white,6
5700,white,6
5701,white,6
5702,white,5
5703,white,7
5704,white,7
5705,white,5
5706,white,6
5707,white,4
5708,white,6
5709,white,5
5711,white,6
5712,white,5
5713,white,6
5714,white,7
5715,white,6
5716,white,6
5717,white,6
5718,white,6
5719,white,5
5720,white,5
5721,white,5
5722,white,6
5723,white,7
5724,white,6
5725,white,6
5726,white,6
5727,white,7
5728,white,5
5729,white,6
5730,white,6
5731,white,6
5732,white,6
5733,white,6
5734,white,6
5735,white,5
5736,white,8
5737,white,6
5738,white,5
5739,white,7
5740,white,6
5741,white,6
5742,white,6
5743,white,7
5744,white,5
5745,white,6
5746,white,5
5747,white,6
5748,white,5
5749,white,6
5750,white,6
5751,white,6
5752,white,7
5753,white,6
5754,white,6
5755,white,6
5756,white,6
5757,white,6
5758,white,7
5759,white,7
5760,white,5
5761,white,5
5762,white,7
5763,white,4
5764,white,7
5765,white,6
5766,white,5
5767,white,7
5768,white,5
5769,white,7
5770,white,6
5771,white,5
5772,white,6
5773,white,5
5774,white,5
5775,white,5
5776,white,4
5777,white,5
5778,white,4
5779,white,6
5780,white,7
5781,white,6
5782,white,7
5783,white,5
5784,white,5
5785,white,5
5786,white,6
5787,white,7
5788,white,8
5789,white,5
5790,white,3
5791,white,7
5792,white,6
5793,white,5
5794,white,6
5795,white,5
5796,white,7
5797,white,5
5798,white,6
5799,white,5
5800,white,6
5801,white,3
5802,white,5
5803,white,5
5804,white,5
5805,white,7
5806,white,5
5807,white,6
5808,white,7
5809,white,6
5810,white,5
5811,white,5
5812,white,5
5813,white,4
5814,white,5
5815,white,5
5816,white,6
5817,white,6
5818,white,7
5819,white,6
5820,white,6
5821,white,6
5822,white,5
5823,white,6
5824,white,6
5825,white,6
5826,white,6
5827,white,7
5828,white,5
5829,white,6
5830,white,5
5831,white,6
5832,white,7
5833,white,6
5834,white,7
5835,white,6
5836,white,6
5837,white,6
5839,white,5
5840,white,5
5841,white,5
5842,white,6
5844,white,6
5845,white,5
5846,white,6
5847,white,6
5848,white,6
5849,white,6
5850,white,6
5851,white,7
5852,white,6
5853,white,5
5854,white,6
5855,white,5
5856,white,5
5857,white,6
5858,white,6
5859,white,4
5860,white,5
5861,white,6
5862,white,5
5863,white,6
5864,white,5
5865,white,5
5866,white,7
5867,white,6
5868,white,7
5869,white,6
5870,white,6
5871,white,5
5872,white,5
5873,white,6
5874,white,6
5875,white,6
5876,white,6
5877,white,6
5878,white,6
5879,white,6
5880,white,7
5881,white,5
5882,white,5
5883,white,6
5884,white,5
5885,white,5
5886,white,7
5887,white,5
5888,white,5
5889,white,5
5890,white,5
5891,white,6
5892,white,5
5893,white,5
5894,white,7
5895,white,7
5896,white,6
5897,white,5
5898,white,7
5899,white,6
5900,white,7
5901,white,6
5902,white,7
5903,white,7
5904,white,5
5905,white,6
5906,white,4
5907,white,6
5908,white,6
5909,white,6
5910,white,5
5911,white,5
5912,white,6
5913,white,7
5914,white,6
5915,white,6
5916,white,6
5917,white,6
5918,white,5
5919,white,3
5920,white,7
5921,white,5
5922,white,7
5923,white,6
5924,white,6
5925,white,5
5926,white,6
5927,white,6
5928,white,7
5929,white,6
5930,white,5
5931,white,6
5932,white,7
5933,white,5
5934,white,7
5935,white,5
5936,white,6
5937,white,7
5938,white,6
5939,white,6
5940,white,5
5941,white,5
5942,white,5
5943,white,6
5944,white,6
5945,white,7
5946,white,5
5947,white,7
5948,white,6
5949,white,5
5950,white,6
5951,white,5
5952,white,5
5953,white,6
5954,white,6
5955,white,5
5956,white,3
5957,white,5
5958,white,6
5959,white,6
5960,white,6
5961,white,5
5962,white,6
5963,white,8
5964,white,5
5965,white,6
5966,white,6
5967,white,3
5968,white,6
5969,white,6
5970,white,6
5971,white,6
5972,white,6
5973,white,6
5974,white,6
5975,white,6
5976,white,5
5977,white,6
5978,white,6
5979,white,6
5980,white,5
5981,white,6
5982,white,7
5983,white,7
5984,white,6
5985,white,6
5986,white,6
5987,white,5
5988,white,8
5989,white,5
5990,white,6
5991,white,6
5992,white,5
5993,white,4
5994,white,5
5995,white,7
5996,white,5
5997,white,5
5998,white,6
5999,white,7
6000,white,6
6001,white,5
6002,white,7
6003,white,6
6004,white,5
6005,white,6
6007,white,5
6008,white,7
6009,white,5
6010,white,6
6011,white,5
6012,white,8
6013,white,6
6014,white,7
6015,white,5
6016,white,5
6017,white,7
6018,white,5
6019,white,7
6020,white,6
6021,white,6
6022,white,6
6023,white,6
6024,white,5
6025,white,5
6026,white,5
6027,white,7
6028,white,5
6029,white,7
6030,white,6
6031,white,4
6032,white,6
6033,white,5
6034,white,6
6035,white,8
6036,white,4
